GROUP,PACKAGE,CLASS,INSTRUCTION_MISSED,INSTRUCTION_COVERED,BRANCH_MISSED,BRANCH_COVERED,LINE_MISSED,LINE_COVERED,COMPLEXITY_MISSED,COMPLEXITY_COVERED,METHOD_MISSED,METHOD_COVERED
conversations-engine,conversations_engine,QuestionTuple,0,15,0,0,0,6,0,3,0,3
conversations-engine,conversations_engine,I18n,0,69,0,4,0,18,0,8,0,6
conversations-engine,conversations_engine,PendingQuestions,0,83,0,2,0,18,0,10,0,9
conversations-engine,conversations_engine,GenerateSkillStateMachine,0,373,0,34,0,91,0,26,0,9
conversations-engine,conversations_engine,ConversationsEngine,0,1159,5,143,0,328,5,104,0,35
conversations-engine,conversations_engine,Transition,0,15,0,0,0,6,0,3,0,3
conversations-engine,conversations_engine,ConversationsEngine.new TimerTask() {...},0,24,1,1,0,5,1,2,0,2
conversations-engine,conversations_engine,State,0,42,0,4,0,12,0,6,0,4
conversations-engine,conversations_engine,UserOutput,0,60,0,2,0,21,0,9,0,8
conversations-engine,conversations_engine,SkillStateMachine,0,183,1,11,0,37,1,14,0,9
conversations-engine,conversations_engine,Logging,0,62,0,2,0,22,0,11,0,10
